seed,role,path,size_bytes,checkpoint_epoch_zero_based,validation_loss,sha256
7,multi-granularity line-polygon main model,checkpoints/seed7/sr_mggs_lp.pth,26796071,2,0.2770628819974274,a0063b2b7c842ed16e33a5e992d74428ae9e9cada0f019405e4087ef37865af9
7,optional point auxiliary model,checkpoints/seed7/point_auxiliary.pth,31024666,2,0.6928686260483986,2bcb4fbd2984f677737200335cb9b0c5a525e85bc271d88a8ff0b92b64d6518c
7,subtype-independent generic auxiliary model,checkpoints/seed7/generic_auxiliary.pth,43732412,3,1.5105372987731935,64eec57fb1f59cf2675ec3e026105900aa6b11952ce6ac5671a08df4cb0bec2f
17,multi-granularity line-polygon main model,checkpoints/seed17/sr_mggs_lp.pth,26796071,2,0.24481260094297938,8626f4358b3499de71c8abc11d43d25740ec1a7b2ac2445cefd0d4459348adfb
17,optional point auxiliary model,checkpoints/seed17/point_auxiliary.pth,31024666,7,0.8316876846690511,2c49d467570a9f6b8baf79d17d5a9e9d810ab7b266b87dfc98815d668ea903f2
17,subtype-independent generic auxiliary model,checkpoints/seed17/generic_auxiliary.pth,43732412,5,1.4562618866828936,f5fe7c2f68086a3d685cc2cecc01ed1561f8d63e11bc7746f61065f7ae70078d
27,multi-granularity line-polygon main model,checkpoints/seed27/sr_mggs_lp.pth,26796071,2,0.259689525409366,4a2ae966a3c8922658890d8170d41b718dcc7c11b5cf73b5cd37d9ba4601ed80
27,optional point auxiliary model,checkpoints/seed27/point_auxiliary.pth,31024666,6,0.417579791857861,edd222755d07d28989fc07060871dbcb4fdfc847db08d6c67773343d0e84522e
27,subtype-independent generic auxiliary model,checkpoints/seed27/generic_auxiliary.pth,43732412,7,1.5192544545446123,c7e91aa60926cf97926a3ae171234ec0c65f0bf50a58eb1e42d9676abdb49ea8
